数组大小,平凡算法(ms),双链路算法(ms),递归算法(ms),双链路加速比,递归加速比
65536,0.029203,0.021797,0.064261,1.339772,0.454444
262144,0.242687,0.149264,0.158902,1.625891,1.527275
1048576,0.426924,0.415508,1.952427,1.027475,0.218663
4194304,1.952981,1.659279,8.196332,1.177006,0.238275
16777216,7.386442,7.640102,72.448003,0.966799,0.101955
